Xbox Game Title	Title ID	Title	XDK version
007: Agent Under Fire	0x4541000D	Agent Under Fire ™	4039
007: Everything or Nothing	0x45410042	James Bond 007: Everything or Nothing	5659
007: From Russia with love	0x45410079	FROM RUSSIA WITH LOVE (TM)	5849
007: NightFire	0x45410026	007™: NightFire™	4831
187 Ride or Die	0x55530036	187 Ride or Die	5849
2002 FIFA World Cup Korea Japan	0x4541000B	FIFA World Cup TM	4039
25 To Life	0x45530018	25 To Life	5849
4X4 EVO 2	0x54540001	4X4 EVO 2	3925
50 Cent: Bulletproof	0x56550042	50 Cent: Bulletproof	5849
Advent Rising	0x4D4A0009	Advent Rising	5849
Aeon Flux	0x4D4A0014	Aeon Flux	5849
AFL Live 2003	0x4143000D	AFL Live 2003	4531
AFL Live 2004	0x4143001B	AFL Live 2004	5455
AFL Live Premiership Edition	0x41430023	AFL Live Premiership Edition	5849
Afterburner ll Arcade			4721
Aggressive Inline	0x41430007	Aggressive Inline	4627
Airforce Delta Storm (NTSC)	0x4B4E0002	Airforce Delta Storm	3925
Alias	0x41430016	ALIAS	5788
Alien Hominid	0x5A440004	Alien Hominid	5849
Aliens vs Predator: Extinction	0x56550022	AvP: Extinction	5455
All-Star Baseball 2003	0x41430002	All-Star Baseball '03	4134
All-Star Baseball 2004	0x41430018	All-Star Baseball '04	5233
All-Star Baseball 2005	0x4143001C	All-Star Baseball '05	5788
Alter Echo	0x5451000F	Alter Echo	5233
American Chopper	0x4156003D	American Chopper	5849
American Chopper 2: Full Throttle	0x4156004F	American Chopper 2 Full Throttle	5849
America's Army: Rise of a Soldier	0x55530043	America’s Army:RoaS	5849
AMF Bowling 2004	0x42530009	AMF Bowling 2004	5659
AMF Xtreme Bowling 2006	0x42530014	AMF Xtreme Bowling 2006	5849
Amped 2	0x4D530041	Amped 2	5558
Amped Freestyle Snowboarding (NTSC)	0x4D530005	Amped	3925
AND 1 Streetball	0x55530056	And 1 StreetBall	5849
Angelic Concert	0x53550007	エンジェリック・コンサート	4928
Antz Extreme Racing	0x454D0001	Antz Extreme Racing	4432
Aoi Namida	0x494C0006	青い涙	5849
APEX	0x49470015	APEX	5028
Aquaman: Battle for Atlantis	0x544D0003	Aquaman: Battle for Atlantis	5233
Arctic Thunder	0x4D570002	Arctic Thunder	3925
Area 51	0x4D570005	Area51	5849
Armed & Dangerous	0x4C41000D	Armed & Dangerous	5558
Army Men Major Malfunction	0x54540088	Army Men Major Malfunction	5849
Army Men: Sarge’s War	0x54540014	Army Men®: Sarge's War™	5849
Arx Fatalis	0x44430002	Arx Fatalis	5659
Atari Anthology	0x49470079	Atari Anthology	5849
ATV: Quad Power Racing 2	0x4143000A	ATV: Quad Power Racing 2	5120
Auto Modellista	0x4343000E	auto modellista	5558
Avatar: The Last Airbender	0x54510105	Avatar – The Last Airbender	5849
Azurik - Rise of Perathia (NTSC)	0x4D530007	Azurik - Rise of Perathia	3925
Azurik - Rise of Perathia (PAL)	0x4D530007	Azurik - Rise of Perathia	4039
Backyard Wrestling 2: There Goes The Neighborhood	0x45530016	Backyard Wrestling 2	5849
Backyard Wrestling: Don't Try This at Home	0x4553000D	Backyard Wrestling	5558
Bad Boys: Miami Takedown	0x454D0016	Bad Boys Miami Takedown	5849
Baldur’s Gate: Dark Alliance	0x5655001A	Baldur's Gate: Dark Alliance	4928
Baldur's Gate: Dark Alliance II	0x4950000A	Baldur's Gate: Dark Alliance 2	5659
Barbarian	0x54530002	Barbarian	4432
Barbie Horse Adventures: Wild Horse Rescue	0x5655002A	Barbie(tm) Horse	5558
Bass Pro Shops Trophy Hunter 2007	0x56550048	BPS Trophy Hunter 2007	5849
Batman Begins	0x45410389	Batman Begins™	5849
Batman: Dark Tomorrow	0x4B420001	Batman Dark Tomorrow	5028
Batman: Rise of Sin Tzu	0x5553001C	Batman: Rise of Sin Tzu	5558
Batman: Vengeance	0x55530001	BATMAN VENGEANCE	3948
Battle Engine Aquila	0x49470010	Battle Engine Aquila	4627
Battlefield 2: Modern Combat	0x45410062	Modern Combat	5849
Battlestar Galactica	0x5655000F	Battlestar Galactica	5558
Beat Down: Fists of Vengeance	0x43430015	BeatDown - Fists of Vengeance	5849
Beyond Good & Evil	0x55530018	Beyond Good & Evil	5659
Bicycle Casino	0x41560040	Bicycle Casino	5849
Big Mutha Truckers	0x454D0002	Big Mutha Truckers	5233
Big Mutha Truckers 2	0x454D0017	Big Mutha Truckers 2	5849
Bionicle	0x45410039	BIONICLE®	5558
Bistro Cupid	0x53550001	BistroCupid	4242
Bistro Cupid 2	0x53550008	ビストロ・きゅーぴっと２	5455
BLACK	0x45410083	Black	5849
Blackstone: Magic and Steel	0x58490004	Black Stone	5028
Blade 2	0x41560005	Blade II	4627
Blazing Angels: Squadrons of WWII	0x55530057	Blazing Angels: SOWWII	5849
Blinx 2: Masters of Time & Space	0x4D530065	BLiNX2	5849
Blinx: The Time Sweeper	0x4D530013	BLiNX: the time sweeper	4831
Blood Omen 2	0x45530006	Blood Omen 2	4134
Blood Wake	0x4D530010	Blood Wake	3948
BloodRayne	0x4D4A0001	BloodRayne	4831
BloodRayne 2	0x4D4A000D	BloodRayne 2	5849
Bloody Roar Extreme	0x48550001	BLOODY ROAR extreme	5233
Blowout - Military Fighting Unit 	0x4D4A0008	Blowout	5659
BMX XXX	0x4143000E	BMX XXX	5028
Braveknight	0x494C0002	Braveknight	4627
Break Nine Billiards	0x41530001	BREAK NINE	4531
Breakdown	0x4E4D0009	BREAKDOWN	5659
Breeders' Cup World Thoroughbred Championships	0x42530012	Breeders' Cup World Thoroughbred Champio	5849
Brian Lara International Cricket	0x434D004E	BLIC 2005	5849
Broken Sword: The Sleeping Dragon	0x5451001D	Broken Sword - The Sleeping Dragon	5558
Brothers In Arms: Earned In Blood	0x5553005A	Earned In Blood	5849
Brothers in Arms: Road to Hill 30	0x5553003C	Brothers In Arms	5849
Bruce Lee: Quest of the Dragon	0x56560002	Bruce Lee: QOD	4432
Brute Force	0x4D53001E	Brute Force	5233
Buffy the Vampire Slayer	0x45410012	Buffy: The Vampire Slayer	4432
Buffy the Vampire Slayer: Chaos Bleeds	0x56550005	Buffy : Chaos Bleeds	5455
Burnout	0x41430006	Burnout	4361
Burnout 2: Point of Impact	0x41430019	Burnout 2	5344
Burnout 3: Takedown	0x4541005B	Burnout 3	5849
Burnout Revenge	0x45410076	Burnout Revenge	5849
C.A.T. Cyber Attack Team	0x4D450001	C.A.T. ～サイバーアタックチーム～	5233
Cabela's Big Game Hunter 2005 Adventures	0x4156003E	Cabela's Big Game Hunter 2005 Adventures	5849
Cabela's Dangerous Hunts	0x41560019	Cabela's Dangerous Hunts	5659
Cabela's Dangerous Hunts 2	0x41560052	Dangerous 2	5849
Cabela's Deer Hunt 2005 Season	0x4156003F	Cabela's Deer Hunt 2005 Season	5849
Cabela's Deer Hunt: 2004 Season	0x41560030	Deer Hunt 2004 Season	5558
Cabela's Outdoor Adventures 06	0x4156004D	Cabela's Outdoor Adventures	5849
Call of Cthulhu: Dark Corners of the Earth	0x42530007	Call of Cthulhu: Dark Corners of the Ear	5849
Call of Duty 2: Big Red One	0x41560051	Call of Duty 2: Big Red One	5849
Call of Duty 3	0x4156005D	Call of Duty 3	5849
Call of Duty: Finest Hour	0x4156002A	Call of Duty: Finest Hour	5849
Capcom Classics Collection	0x43430018	Capcom Classics Collection	5849
Capcom Classics Collection Volume 2	0x43430019	Capcom Classics Vol. 2	5849
Capcom Fighting Evolution (NTSC)	0x43430010	Capcom Fighting Evo./Jam	5849
Capcom Fighting Jam (NTSC-J)	0x43430010	Capcom Fighting Evo./Jam	5849
CAPCOM VS. SNK2 EO	0x43430008	CAPCOM VS. SNK2 EO	5028
Carmen Sandiego: The Secret of the Stolen Drums	0x424D0006	Carmen SanDiego	5659
Cars	0x545100F2	Cars	5849
Carve	0x54540010	Carve	5659
Castlevania: Curse of Darkness	0x4B4E002D	Castlevania CoD	5849
Catwoman	0x4541005C	Catwoman	5849
Cel Damage	0x45410011	Cel Damage	3925
Celebrity Deathmatch	0x5454000B	Celebrity Deathmatch	5233
Championship Manager - Season 01-02	0x45530002	Championship Manager	4134
Championship Manager 2002-2003	0x4553000C	CM 2002/03	4928
Championship Manager 2006 	0x53430100	Championship Manager 2006	5849
Championship Manager 5	0x4553001A	Championship Manager 5	5849
Charlie and the Chocolate Factory	0x54540081	Charlie and the Chocolate Factory	5849
Chase - Hollywood Stunt Driver	0x424D0001	Chase	4721
Chessmaster	0x55530039	Chessmaster	5849
Chicago Enforcer	0x4B420005	Chicago Enforcer	5849
CIRCUS DRIVE			5233
Circus Maximus	0x45430001	CircusMaximus	4134
Classified: The Sentinel Crisis	0x5454007D	Classified: The Sentinel Crisis	5849
Close Combat: First to Fight	0x54540012	Close Combat: First to Fight	5849
Club Football 2005 Arsenal	0x434D0031	Club Football 2005	5849
Club Football 2005 Celtic	0x434D0035	Club Football 2005	5849
Codename: Kids Next Door	0x5454008A	Codename: Kids Next Door	5849
Cold Fear	0x5553004B	Cold Fear	5849
Cold War	0x44430004	Cold War	5849
Colin McRae Rally 04	0x434D0010	Colin McRae Rally 04	5659
Colin McRae Rally 2005	0x434D002B	Colin McRae Rally 2005	5849
Colin McRae Rally 3	0x434D0001	Colin McRae Rally 3	4831
College Hoops 2K6	0x54540091	Hoops 2K6	5849
College Hoops 2K7	0x545400AF	Hoops 2K7	5849
Combat Elite: WWII Paratroopers	0x53500001	Combat Elite	5849
Combat Task Force 121	0x47560003	COMBAT	5849
Commandos 2	0x45530008	Commandos 2	4432
Commandos Strike Force	0x534300F9	Commandos: Strike Force	5849
Conan	0x544D0008	Conan	5849
Conflict Desert Storm II: Back to Baghdad	0x53430006	CDS II	5558
Conflict: Desert Storm	0x54540005	Conflict: Desert Storm	4531
Conflict: Global Terror	0x5343000C	Conflict: Global	5849
Conflict: Vietnam	0x5343000A	Conflict:Vietnam	5849
Conker: Live & Reloaded	0x4D530051	Conker: Live and Reloaded	5849
Conspiracy: WoMD	0x4F580001	Conspiracy: WoMD	5849
Constantine	0x5343000F	Constantine	5849
Corvette	0x544D000B	Corvette	5659
Counter Terrorist Special Forces - Fire for Effect	0x48500002	CT Special Forces	5849
Counter-Strike	0x4D530036	Counter-Strike	5659
Crash Bandicoot 4 - Sakuretsu! Majin Power	0x4B4E0011	Crash Bandicoot Japan	4432
Crash Bandicoot: The Wrath of Cortex	0x56550003	Crash Bandicoot: tWoC	4361
Crash 'N' Burn	0x45530014	Crash 'n' Burn	5849
Crash Nitro Kart	0x5655001F	Crash Nitro Kart	5558
Crash Tag Team Racing	0x56550041	Crash Tag Team Racing	5849
Crash Twinsanity	0x56550036	Crash Twinsanity	5849
Crazy Taxi 3	0x53450004	CRAZY TAXI 3 High Roller	4531
Crime Life: Gang Wars	0x4B4E001C	CrimeLife	5849
Crimson Sea	0x4B4F0002	CrimsonSea	4928
Crimson Skies: High Road to Revenge	0x4D530021	Crimson Skies	5659
Crouching Tiger Hidden Dragon	0x55530020	CROUCHING TIGER	5659
Crusty Demons: Freestyle Moto X	0x464C0002	Crusty Demons	5849
CSI: Crime Scene Investigation	0x5553003F	CSI 	5849
Curious George	0x4E4D0019	Curious George	5849
Curse	0x57450005	Curse - The Eye of Isis	5558
Daemon Vector	0x58500001	鬼疫	5849
Dai Senryaku VII: Modern Military Tactics	0x434B0001	Dai Senryaku VII	5849
Daisenryaku VII	0x434B0001	大戦略VII	5344
Dakar Rally 2 - Worlds Ultimate Rally	0x41430017	Dakar 2	5344
Dance Dance Revolution Ultramix 2	0x4B4E0021	DDR ULTRAMIX 2	5849
Dance Dance Revolution Ultramix 3	0x4B4E0029	DDR ULTRAMIX 3	5849
Dance Dance Revolution Ultramix 4	0x4B4E0037	DDR ULTRAMIX 4	5849
Dance Dance Revolution: Ultramix	0x4B4E0019	DDRULTRAMIX	5659
Dance UK	0x42420002	Dance: UK	5849
Dancing Stage Unleashed	0x4B4E001D	Dancing Stage Unleashed	5659
Dark Angel	0x56560010	Dark Angel Release	4721
Dark Summit	0x54510004	Dark Summit	4034
Darkwatch	0x43430016	Darkwatch	5849
David Beckham Soccer	0x52410003	David Beckham Soccer	4361
Dead Man’s Hand	0x49470027	Dead Man's Hand	5788
Dead or Alive 3	0x54430001	Dead or Alive 3	3925
Dead or Alive Ultimate	0x54430006	DOAU1	5849
Dead or Alive Ultimate II	0x54430006	DEAD OR ALIVE ULTIMATE	5849
Dead or Alive XtremeBeachVolleyBall	0x54430007	Dead or Alive XtremeBeachVolleyBall	4928
Dead to Rights	0x4541002C	Dead To Rights	5120
Dead to Rights II: Hell to Pay	0x4E4D0015	Dead To Rights 2	5849
Deathrow	0x55530004	Deathrow	4721
Def Jam: Fight For NY	0x45410049	DJFFNY	5849
Defender	0x4D570006	Defender	4928
Delta Force – Black Hawk Down	0x4E4C0002	Delta Force BHD	5849
Dennou Taisen DroneZ	0x4D440003	DroneZ	5849
Destroy All Humans!	0x54510026	Destroy All Humans!	5849
Destroy All Humans! 2	0x54510106	Destroy All Humans! 2	5849
Deus Ex: Invisible War	0x45530005	Deus Ex: Invisible War	5558
Die Hard: Vendetta	0x56560029	Die Hard: Vendetta	5344
Digimon Battle Chronicle	0x42410001	Digimon Battle Chronicle	5788
Digimon Rumble Arena 2	0x42410001	Digimon Rumble Arena 2	5788
Digimon World 4	0x42410002	DigimonWorld4	5849
Digimon World X	0x42410002	デジモンワールドＸ	5849
Dino Crisis 3	0x43430003	DINO CRISIS 3	5558
Dinosaur Hunting	0x4D530069	DinosaurHunting	5455
Dinotopia: The Sunstone Odyssey	0x544D000F	Dinotopia: The Sunstone Odyssey	5455
Disney’s Chicken Little	0x42560002	Chicken Little	5849
Disney's Extreme Skate Adventure	0x41560027	Disney Extreme Skate Adventure	5455
Doom 3	0x41560020	DOOM 3	5849
DOOM 3: Resurrection of Evil	0x4156004E	DOOM 3 RoE	5849
Double-S.T.E.A.L	0x42550001	DOUBLE-STEAL	4134
Double-S.T.E.A.L - The Second Clash	0x42550004	DOUBLE S.T.E.A.L SECOND CLASH	5849
Dr. Muto	0x4D570011	Dr. Muto	4928
Dr. Seuss' The Cat in the Hat	0x56550028	Cat In The Hat	5659
Dragon Ball Z: Sagas	0x4947007A	Dragon Ball Z Sagas	5849
Dragon's Lair 3D	0x55530012	Dragon's Lair 3D	5659
Drake	0x4D4A000B	Drake	5558
Dreamfall: The Longest Journey (NTSC)	0x41590004	Dreamfall	5849
Dreamfall: The Longest Journey (PAL)	0x4D580001	Dreamfall	5849
Drihoo	0x48570001	DRIHOO	4928
DRIV3R	0x49470038	DRIV3R	5849
Driver Parallel Lines	0x4947007F	Driver : Parallel Lines	5849
DTM Race Driver 2 - Ultimate Racing Simulator	0x434D0011	Race Driver 2	5849
DTM Race Driver 3 - The Ultimate Racing Simulator	0x434D0050	Race Driver 3	5849
DTM Race Driver Live	0x434D000E	DTM Race Driver	5558
Dungeons & Dragons: Heroes	0x49470013	D&D Heroes	5455
Dynasty Warriors 3	0x4B4F0003	DynastyWarriors3	4721
Dynasty Warriors 4	0x4B4F0004	DynastyWarriors4	5455
Dynasty Warriors 5	0x4B4F0007	Dynasty Warriors 5	5849
EA Sports Arena Football	0x45410094	Arena Football™	5849
EA Sports Cricket 2005	0x45410074	EA SPORTS™ Cricket 2005	5849
EA Sports: Fight Night Round 3	0x45410086	EA SPORTS FN 3	5849
Ed, Edd n Eddy: The Mis-Edventures	0x4D570032	Ed, Edd n Eddy: The MIS-EDventures	5849
Egg Mania: Eggstreme Madness	0x4B420002	Egg Mania	4627
Elder Scrolls III: Morrowind	0x42530001	Morrowind	4531
Enclave	0x5655000E	Enclave	4531
Enter The Matrix	0x49470022	Enter The Matrix	5344
Eragon	0x56550043	Eragon	5849
ESPN College Hoops 2K4	0x53450024	ESPN College Hoops	5558
ESPN College Hoops 2K5	0x53450033	ESPN COLLEGE HOOPS 2K5	5849
ESPN Football 2004	0x53450022	ESPN NFL FOOTBALL	5558
ESPN International Winter Sports	0x4B4E000B	Winter Sports	4134
ESPN Major League Baseball	0x53450028	ESPN Major League Baseball	5659
ESPN MLS ExtraTime 2002	0x4B4E0005	ESPN MLS Extratime 2002	4134
ESPN NBA 2K5	0x53450031	ESPN NBA 2K5	5849
ESPN NBA 2Night 2002	0x4B4E0006	NBA2NIGHT 2002	4361
ESPN NBA Basketball	0x53450023	ESPN NBA BASKETBALL	5558
ESPN NFL 2K5	0x53450030	ESPN NFL 2K5	5849
ESPN NFL Primetime 2002	0x4B4E0003	ESPN NFL PrimeTime 2002	3948
ESPN NHL 2K5	0x53450032	ESPN NHL 2K5	5849
ESPN NHL Hockey	0x53450026	ESPN NHL Hockey	5558
ESPN X-Games Snowboarding 2002	0x4B4E0009	ESPN Winter X Games Snowboarding 2002	4134
Evil Dead Regeneration	0x54510025	Evil Dead: Regeneration	5849
Evil Dead: Fistfull of Boomstick	0x5451000B	Evil Dead: A Fistful Of Boomstick	5233
Exa Skeleton	0x4B4B0003	ExaSkeleton	5455
ExChaser	0x49460001	ExChaser	5028
F1 2001	0x45410007	F1 2001	3925
F1 2002	0x45410014	F1 2002	4134
F1 Career Challenge	0x45410032	F1 Career Challenge	5233
Fable	0x4D53000D	Fable	5849
Fable: The Lost Chapters	0x4D5300D1	Fable: The Lost Chapters	5849
Fahrenheit			5849
Fairly Odd Parents: Breakin' Da Rules	0x54510020	Fairly OddParents	5558
Fallout: Brotherhood of Steel	0x49500008	Fallout Brotherhood of Steel	5558
Family Guy	0x545400B0	Family Guy	5849
Fantastic Four	0x4156001A	Fantastic Four	5849
Far Cry Instincts	0x55530008	FarCry Instincts	5849
Far Cry Instincts Evolution	0x55530060	FarCry Instincts Evolution	5849
Fatal Frame (NTSC)	0x54430004	FATAL FRAME	4721
Fatal Frame (NTSC-J)	0x54430004	FATAL FRAME	4928
Fatal Frame 2: Crimson Butterfly Director's Cut	0x5443000A	Fatal Frame 2	5849
FIFA 2004	0x4541003B	FIFA Football 2004	5455
FIFA Soccer 06	0x45410078	FIFA 06	5849
FIFA Soccer 07	0x454100A6	FIFA 07	5849
FIFA Soccer 2003	0x45410017	FIFA SOCCER 2003	4721
FIFA Soccer 2005	0x4541004E	FIFA Soccer 2005	5849
FIFA STREET	0x45410072	FIFA Street	5849
FIFA Street 2	0x45410085	FIFA STREET 2	5849
FIFA World Cup - Germany 2006	0x4541009C	2006 FIFA World Cup	5849
FIFA World Cup 2002	0x4541000B	FIFA World Cup TM	4039
Fight Club	0x5655002F	FightClub	5849
Fight Night 2004	0x4541004B	Fight Night 2004	5659
Fight Night Round 2	0x45410055	EA SPORTS FN 2	5849
Fila World Tour Tennis	0x54510009	FILA World Tour Tennis	4627
Final Fight Streetwise	0x43430013	Final Fight Streetwise	5849
Finding Nemo	0x5451001E	Finding Nemo	5344
Fireblade	0x4D570012	Fireblade	4831
FlatOut	0x454D0009	FlatOut	5849
FlatOut 2	0x454D0020	FlatOut2	5849
Flight Academy	0x41510002	FlightAcademy	4361
Ford Bold Moves Street Racing	0x454D001F	Ford Street Racing	5849
Ford Mustang: The Legend Lives	0x54540077	Ford Mustang	5849
Ford Racing 2	0x454D0007	Ford Racing 2	5558
Ford Racing 3	0x454D000D	Ford Racing 3	5849
Ford vs Chevy	0x54540089	Ford vs. Chevy	5849
Forgotten Realms: Demon Stone	0x49470074	N/A	5849
Forza Motorsport	0x4D53006E	Forza Motorsport	5849
Frankie Dettori Racing (PAL)			5849
Freaky Flyers	0x4D570007	Freaky Flyers	5455
Freedom Fighters	0x4541002E	Freedom Fighters	5558
Freestyle MetalX	0x4D570017	Freestyle MetalX	5455
Freestyle Street Soccer			5558
Frogger Beyond	0x4B4E0013	Frogger Beyond	4831
Frogger: Ancient Shadow	0x4B4E002C	Frogger Ancient Shadow	5849
Full Spectrum Warrior	0x54510022	Full Spectrum Warrior	5849
Full Spectrum Warrior: Ten Hammers	0x545100F8	Full Spectrum Warrior: Ten Hammers	5849
Furious Karting	0x4947000B	Furious Karting	5233
Futurama	0x46490002	Futurama	5233
Future Tactics: The Uprising	0x43560007	Uprising	5849
Fuzion Frenzy	0x4D530002	Fuzion Frenzy	3925
Galaxy Angel	0x42520001	GalaxyAngel	4831
Galleon	0x41540004	Galleon	5849
Gauntlet Dark Legacy	0x4D57000E	Gauntlet Dark Legacy	4242
Gauntlet: Seven Sorrows	0x4D570022	Gauntlet: Seven Sorrows	5849
Gene Troopers	0x544D0011	Gene Troopers	5849
Genma Onimusha	0x43430001	GENMA ONIMUSHA	3948
Ghost Master The Gravenville Chronicles	0x454D0004	Ghost Master	5849
Gladiator: Sword of Vengeance	0x4143001A	Gladiator: SoV	5558
Gladius	0x4C410008	Gladius™	5659
Goblin Commander: Unleash the Horde	0x4A410005	Goblin Commander	5659
Godzilla: Destroy All Monsters Melee	0x49470039	Godzilla: Melee	5233
Godzilla: Save the Earth	0x49470073	Save the Earth	5849
GoldenEye: Rogue Agent	0x4541005D	GoldenEye: Rogue Agent	5849
Gotcha	0x5454007E	Gotcha!	5849
Grabbed by the Ghoulies	0x4D530053	Grabbed by the Ghoulies	5659
Grand Theft Auto Double Pack				
Grand Theft Auto III	0x5454000E	Grand Theft Auto III	5659
Grand Theft Auto: San Andreas	0x545400A3	GTA San Andreas	5849
Grand Theft Auto: Vice City	0x5454000F	Grand Theft Auto: Vice City	5659
Gravity Games Bike	0x4D57000D	Gravity Games Bike: Street Vert Dirt	4361
Greg Hastings' Tournament Paintball	0x41560042	Greg Hastings' Tournament Paintball	5849
Greg Hastings’ Tournament Paintball MAX’D	0x41560057	GHTP Max'd	5849
Grooverider Slot Car Thunder	0x45430002	Grooverider: Slot Car Thunder	5455
Group S Challenge	0x43430005	GROUP-S	5233
GUILTY GEAR ISUKA	0x41570001	GUILTY GEAR ISUKA	5849
Guilty Gear X2 #Reload	0x53410002	GuiltyGearX2#RELOAD	5849
GUN	0x4156004B	Gun	5849
Gun Metal	0x4D4A0003	Gun Metal	4361
GunGriffon: Allied Strike	0x54430009	GUNGRIFFON Allied Strike	5849
GunValkyrie	0x5345000B	GUNVALKYRIE	4134
Half-Life 2	0x45410091	Half - Life 2	5849
Half-Life 2 (hl2_xbox.xbe)	0x45410091	Half Life 2 - Retail Build	5849
Halo (NTSC)	0x4D530004	Halo	3925
Halo (NTSC-J)	0x4D530004	Halo	3948
Halo (PAL)	0x4D530004	Halo	3948
Halo 2	0x4D530064	Halo 2	5849
Halo 2 Multiplayer Map Pack	0x4D5380CD	Halo 2 Multiplayer Map Pack	5849
Harry Potter and the Chamber of Secrets	0x4541000E	N/A	5028
Harry Potter and the Goblet of Fire	0x45410077	Harry Potter: GOF	5849
Harry Potter and the Prisoner of Azkaban	0x4541004C	Harry Potter: POA	5849
Harry Potter and the Sorcerer's Stone	0x45410037	Harry Potter: SS	5659
Harry Potter: Quidditch World Cup	0x4541003D	Quidditch World Cup	5659
Headhunter: Redemption	0x53450025	Redemption	5849
Hello Kitty Roller Rescue	0x58500004	Hello Kitty Roller Rescue	5849
Hermann Maier Ski Racing 2005	0x4A570005	Ski Racing 2005	5849
Heroes of the Pacific	0x45430004	Heroes of the Pacific	5849
High Heat Baseball 2004	0x54440006	High Heat MLB 2004	5233
High Rollers Casino	0x4253000F	High Rollers Casino	5849
Hitman - Silent Assassin (NTSC-J)	0x45530009	Hitman: Silent Assassin	5233
Hitman 2: Silent Assassin	0x45530009	Hitman2: Silent Assassin	4531
Hitman: Blood Money	0x534300FA	Hitman Blood Money	5849
Hitman: Contracts	0x45530012	Hitman Contracts	5849
Hot Wheels: Stunt Track Challenge	0x54510089	Hot Wheels Stunt Track Challenge	5849
House of the Dead 2	0x53450008	House of the Dead 2	4831
House of the Dead 3	0x53450008	House of the Dead 3	4831
HUMMER Badlands	0x5454009C	Hummer	5849
Hunter: The Reckoning	0x56550007	Hunter: The Reckoning	4361
Hunter: The Reckoning Redeemer	0x5655002D	Hunter: Redeemer	5558
Ice Age 2: The Meltdown Video Game	0x5655004B	Ice Age 2 The Meltdown	5849
IHRA Drag Racing 2004	0x42530006	IHRA	5558
IHRA Drag Racing Sportsman Edition	0x42530011	IHRA Sportsman	5849
IHRA Professional Drag Racing 2005	0x4253000C	IHRA Pro 2005	5849
Indiana Jones: Emperor's Tomb	0x4C410007	Indiana Jones	5120
Indigo Prophecy	0x4947007B	Indigo Prophecy	5849
IndyCar Series	0x434D0006	INDYCAR™ SERIES	5455
IndyCar Series 2005	0x434D0024	IndyCar® Series 2005	5849
I-Ninja	0x4E4D000F	I-Ninja	5659
Innocent Tears	0x4B550001	Innocent Tears	4627
Inside Pitch 2003	0x4D530034	Inside Pitch 2003	5344
Intellivision Lives!	0x43560006	Intellivision Lives!	5659
International Superstar Soccer2	0x4B4E0008	International Superstar Soccer2	4361
Iron Phoenix	0x53410003	Iron Phoenix	5849
Jacked	0x454D001E	Jacked	5849
Jade Empire	0x4D53006D	Jade Empire	5849
JAWS Unleashed	0x4D4A000F	JAWS Unleashed	5849
Jet Set Radio Future	0x5345000A	Jet Set Radio Future	4134
Jikkyou World Soccer 2002	0x4B410001	World Soccer 2002	4134
Jockey's Road	0x4D530030	Jockey'sRoad	4531
Judge Dredd: Dredd vs Death	0x58490007	Dredd vs Death	5849
Juiced	0x545100EF	Juiced	5849
Jurassic Park: Operation Genesis	0x5656000A	Jurassic Park: Operation Genesis	5233
Just Cause	0x534300FB	Just Cause	5849
Justice League Heroes	0x57520001	Justice League Heroes	5849
Kabuki Warriors	0x43560001	Kabuki Warriors	3925
Kakuto Chojin	0x4D53000C	Kakuto Chojin	4928
Kao the Kangaroo 2	0x4A570003	Kao the Kangaroo 2	5849
Karaoke Revolution	0x4B4E0025	Karaoke Revolution	5849
Karaoke Revolution Party	0x4B4E002E	Karaoke Revolution Party	5849
Kelly Slater's Pro Surfer	0x41560002	Kelly Slater's Pro Surfer	4627
Kikou Heidan J-Phoenix Plus	0x54410001	J Phoenix+	4134
kill.switch	0x4E4D000B	kill.switch	5558
King Arthur	0x4B4E0024	King Arthur	5849
King Of Fighters 2002	0x534E0006	THE KING OF FIGHTERS 2002	5849
King Of Fighters 2003	0x534E0003	THE KING OF FIGHTERS 2003	5849
King of Fighters: Maximum Impact - Maniax	0x534E0007	KOF MAXIMUM IMPACT MANIAX	5849
Kingdom Under Fire: Heroes	0x504C0006	Kingdom Under Fire: Heroes	5849
Kingdom Under Fire: The Crusaders	0x504C0004	Kingdom Under Fire  The Crusaders	5849
Knight's Apprentice: Memorick's Adventures (PAL)	0x4D490004	Memorick	5659
Knights of the Temple	0x544D0007	Knights of the Temple	5788
Knights of the Temple 2	0x544D0013	KOTT2	5849
Knockout Kings 2002	0x4541000A	Knockout Kings 2002	4039
Kung Fu Chaos	0x4D530031	Kung Fu Chaos	5120
L.A. Rush	0x4D570025	LA Rush	5849
Lake masters	0x4343000B	LAKEMASTERS	5455
Land of the Dead: Road to Fiddler's Green	0x47560004	Land of the Dead	5849
Largo Winch	0x5553000B	LARGO WINCH	4627
Le Tour De France	0x4B4E000F	TOUR DE FRANCE	4432
Legacy of Kain: Defiance	0x4553000F	LoK: Defiance	5659
Legends of Wrestling	0x41430003	Legends of Wrestling	4242
Legends of Wrestling II	0x4143000F	Legends of Wrestling 2	4831
LEGO Star Wars	0x4553001D	Lego Star Wars	5849
LEGO Star Wars II: The Original Trilogy	0x4C41001F	LEGO Star Wars II	5849
Leisure Suit Larry: Magna Cum Laude	0x56550031	Leisure Suit Larry: MCL	5849
Lemony Snicket's A Series of Unfortunate Events	0x4156001F	Lemony Snicket's Series	5849
Links 2004	0x4D53005D	Links 2004 	5558
LMA Manager 2003	0x434D0004	LMA Manager 2003	4721
LMA Manager 2004	0x434D000F	LMA Manager 2004	5659
LMA Manager 2005	0x434D0046	LMA Manager 2005	5849
LMA Manager 2006	0x434D0054	LMA Manager 2006	5849
Loons: The Fight For Fame	0x49470006	Loons - The Fight For Fame	4531
Lord of the Rings: Fellowship of the Ring	0x56550004	The Fellowship of the Ring	4831
Lord of the Rings: The Third Age	0x4541005F	LOTR3	5849
Lord of the Rings: Two Towers (NTSC)	0x45410010	The Two Towers(tm)	4928
Lord of the Rings: Two Towers (PAL)	0x45410010	The Two Towers(tm)	5120
LotR: The Return of the King	0x4541003E	The Return of the King™	5558
Lotus Challenge	0x58490005	Lotus Challenge	4928
Mace Griffin: Bounty Hunter	0x56550018	Mace Griffin Bounty Hunter	5344
Mad Dash Racing	0x45530001	Mad Dash Racing	3925
Madagascar	0x4156003B	Madagascar	5849
Madden 2002 	0x45410001	Madden NFL 2002	3925
Madden NFL 06	0x45410075	Madden NFL 06	5849
Madden NFL 07	0x4541009F	Madden NFL 07	5849
Madden NFL 08	0x454100AC	Madden NFL 08	5849
Madden NFL 09			5849
Madden NFL 2003	0x45410019	Madden NFL 2003	4432
Madden NFL 2004	0x45410036	Madden NFL 2004	5455
Madden NFL 2005	0x4541004D	Madden NFL 2005	5849
Mafia	0x54540009	Mafia	5849
Magatama	0x4D530066	magatama	5455
Magi Death Fight	0x544B0001	マジデスファイト！	4361
Magic: The Gathering - Battlegrounds	0x49470072	Magic: The Gathering - Battlegrounds	5659
Major League Baseball 2K5	0x53450037	ESPN Major League Baseball 2K5	5849
Major League Baseball 2K5: World Series Edition	0x54540096	Major League Baseball 2K5: WSE	5849
Major League Baseball 2K6	0x54540092	MLB 2K6	5849
Major League Baseball 2K7	0x545400B1	MLB 2K7	5849
Malice	0x4253000A	Malice	5849
Manhunt	0x54540019	Manhunt	5849
Marc Ecko's Getting Up: Contents Under Pressure	0x4947007D	Getting Up: Contents Under Pressure	5849
Marvel Nemesis: Rise of the Imperfects	0x4541038A	Imperfects	5849
Marvel vs. Capcom 2	0x43430007	MARVEL VS. CAPCOM2	5028
Marvel: Ultimate Alliance	0x4156005C	Ultimate Alliance	5849
Mashed - Drive to Survive	0x454D000A	Mashed	5849
Mashed - Fully Loaded	0x454D001B	Mashed Fully Loaded	5849
Mat Hoffman’s Pro BMX™ 2	0x4156000B	Mat Hoffman's Pro BMX 2	4721
Max Payne	0x54540003	Max Payne	3925
Max Payne 2: The Fall of Max Payne	0x5454000C	Max Payne 2	5558
Maximum Chase			5558
MechAssault	0x4D530017	MechAssault	4831
MechAssault 2: Lone Wolf	0x4D53006B	MechAssault2	5849
Medal of Honor European Assault	0x4541005E	MOH European Assault	5849
Medal of Honor: Frontline	0x4541001A	Medal Of Honor Frontline	4928
Medal of Honor: Rising Sun	0x4541003F	Medal of Honor: Rising Sun	5455
Mega Man Anniversary Collection	0x43430011	Megaman Anniversary Collection	5849
Melbourne Cup Challenge	0x48450004	Melbourne Cup Challenge	5849
Memorick - The Apprentice Knight	0x4D490004	Memorick	5659
Men of Valor	0x56550019	Men Of Valor	5849
Mercedes-Benz World Racing	0x544D0005	World Racing	5120
Mercenaries	0x4C410015	Mercenaries	5849
Metal Arms: Glitch in the System	0x5655000A	Metal Arms	5558
Metal Dungeon	0x58490001	MetalDungeon	4928
Metal Gear Solid 2: Substance	0x4B4E0007	MGS2 SUBSTANCE	4721
Metal Slug 3	0x534E0002	metal slug 3	5849
Metal Slug 4	0x534E0005	MetalSlug4	5849
Metal Slug 4 & 5 Bundle Pack				
Metal Wolf Chaos	0x46530006	Metal Wolf Chaos	5849
Miami Vice	0x44580001	MiamiVice	5849
Micro Machines	0x4947001C	Micro Machines	4928
Midnight Club 3: DUB Edition	0x54540079	DUB edition	5849
Midnight Club 3: DUB Edition Remix	0x54540079	DUB edition	5849
Midnight Club II	0x54540008	Midnight Club 2	5344
Midtown Madness 3	0x4D53002A	Midtown Madness 3	5233
Midway Arcade Treasures	0x4D57001C	Midway Arcade Treasures	5659
Midway Arcade Treasures 2	0x4D570020	Midway Arcade Treasures 2	5849
Midway Arcade Treasures 3	0x4D57002D	Midway Arcade Treasures 3	5849
Mike Tyson Heavyweight Boxing	0x434D0003	Mike Tyson Heavyweight Boxing	4361
Minority Report	0x41560014	Minority Report	4831
Mission Impossible: Operation Surma	0x4947001F	M:I - OP SURMA	5558
MLB SlugFest 20-03	0x4D570008	Slugfest	4627
MLB SlugFest 20-04	0x4D570009	Slugfest2004	5233
MLB SlugFest 2006	0x4D570038	Slugfest 2006	5849
MLB SlugFest: Loaded	0x4D57001D	SlugfestLoaded	5849
Mojo!	0x43560005	Mojo!	5558
Monopoly Party	0x4947000F	Monopoly Party	4831
Monster 4x4 World Circuit	0x55530049	Monster 4x4: World Circuit	5849
Monster Garage	0x41560041	Monster Garage	5849
Morrowind Game of the Year (GotY) Edition	0x42530005	Morrowind Game of the Year	5659
Mortal Kombat 7: Armageddon	0x4D570034	Mortal Kombat 7	5849
Mortal Kombat Deception Kollectors Edition	0x4D570019	Mortal Kombat Deception Kollector’ Edit	5849
Mortal Kombat: Deadly Alliance	0x4D57000C	MK Deadly Alliance	4721
Mortal Kombat: Deception	0x4D570019	Mortal Kombat  Deception	5849
Mortal Kombat: Shaolin Monks	0x4D570029	MK Shaolin Monks	5849
Motocross Mania 3	0x54540015	Motocross Mania 3	5849
MotoGP	0x54510008	MotoGP	4361
MotoGP 2	0x54510016	MotoGP 2	5233
MotoGP 3	0x54510088	MotoGP 3	5849
MTV Music Generator 3: This is the Remix!	0x434D0029	Music Generator 3 - This is the Rem	5849
MTV's Celebrity Deathmatch	0x5454000B	Celebrity Deathmatch	5233
MTX Mototrax	0x41560022	MTX Mototrax	5659
Murakumo (NTSC)	0x55530016	MURAKUMO	5028
Murakumo (NTSC-J)	0x46530001	-MURAKUMO-	4531
Muzzle Flash	0x56430001	Muzzle Flash	5120
MVP 06 NCAA Baseball	0x4541008D	MVP 06 NCAA Baseball	5849
MVP Baseball 2003	0x4541002D	MVP Baseball 2003	5120
MVP Baseball 2004	0x45410045	MVP Baseball 2004	5659
MVP Baseball 2005	0x45410056	MVP Baseball 2005	5849
MX 2002 (NTSC)	0x54510003	MX 2002 with Ricky Carmichael	3925
MX 2002 (PAL)	0x54510003	MX 2002 with Ricky Carmichael	3948
MX Superfly	0x54510010	MX Superfly featuring Ricky Carmichael	4928
MX Unleashed	0x54510021	MX Unleashed	5558
MX vs. ATV Unleashed	0x545100ED	MX vs ATV Unleashed	5849
MX World Tour: Featuring Jamie Little	0x4356000E	MX World Tour	5849
Myst III - Exile (NTSC-J)	0x4D500001	Myst III Exile	4361
Myst III: Exile (NTSC)	0x55530011	Myst III Exile	4627
Myst IV Revelation	0x5553004A	Myst IV Revelation	5849
N.U.D.E.@ - Natural Ultimate Digital Experiment	0x4D53003C	N.U.D.E.@	5120
Nakashima Tetsunari no Othello Seminar	0x53550002	中島哲也のｵｾﾛｾﾐﾅｰ	4361
Namco Museum	0x4E4D0007	NamcoMuseum	4831
Namco Museum 50th Anniversary Arcade Collection	0x4E4D0016	Namco Museum 50th Anniversary	5849
NARC	0x4D570024	Narc	5849
NASCAR 06: Total Team Control	0x4541008B	NASCAR 06	5849
NASCAR 07	0x454100A3	NASCAR 07	5849
NASCAR 2005: Chase for the Cup	0x45410053	NASCAR 2005	5849
NASCAR Thunder 2002	0x45410002	Nascar Thunder 2002	3925
NASCAR Thunder 2003	0x4541001B	NASCAR Thunder	4627
NASCAR Thunder 2004	0x45410031	NASCAR Thunder™	5455
NBA 2K2	0x53450002	NBA2K2	4039
NBA 2K3	0x53450013	NBA2K3	4831
NBA 2K6	0x54540090	NBA 2K6	5849
NBA 2K7	0x545400AE	NBA 2K7	5849
NBA Ballers	0x4D570010	NBA Ballers	5659
NBA Ballers: Phenom	0x4D57002E	NBA Ballers: Phenom	5849
NBA Inside Drive 2002	0x4D530011	NBA Inside Drive 2002	3948
NBA Inside Drive 2004	0x4D53000B	NBA Inside Drive 2004	5558
NBA Jam 2004	0x41430013	NBA Jam 2004	5659
NBA Live 06	0x4541007A	NBA LIVE 06	5849
NBA LIVE 07	0x454100A1	NBA LIVE 07	5849
NBA Live 2002	0x45410003	NBA Live 2002	3925
NBA Live 2003	0x4541001C	NBA Live 2003	4721
NBA Live 2004	0x45410038	NBA LIVE 2004	5455
NBA Live 2005	0x45410050	NBA LIVE 2005	5849
NBA Street V3	0x45410058	NBA STREET V3	5849
NBA Street Vol 2	0x45410027	NBA STREET Vol. 2	5233
NCAA College Basketball 2K3	0x53450018	NCAA CB 2K3	5028
NCAA Football 06	0x45410080	NCAA Football 06	5849
NCAA Football 07	0x454100A2	NCAA Football 07	5849
NCAA Football 08	0x454100AB	NCAA® Football 08	5849
NCAA Football 2003	0x4541001D	NCAA Football 2003	4432
NCAA Football 2004	0x45410035	NCAA Football 2004	5455
NCAA Football 2005	0x45410051	NCAA Football 2005	5849
NCAA Football 2K3	0x53450010	NCAA2K3	4721
NCAA March Madness 06	0x45410090	NCAA MARCH MADNESS 06	5849
NCAA March Madness 2004	0x45410044	NCAA March Madness 2004	5455
NCAA March Madness 2005	0x45410052	MARCH MADNESS 2005	5849
Need for Speed Carbon	0x4541009E	NFS_Carbon	5849
Need for Speed Most Wanted	0x4541007B	N/A	5849
Need for Speed Underground	0x45410047	NFS:Underground	5558
Need for Speed Underground 2	0x4541005A	NFS Underground 2	5849
Need For Speed: Hot Pursuit 2	0x45410028	NFS Hot Pursuit 2	4721
Neighbours From Hell	0x4A570002	Neighbours from Hell	5849
New Legends	0x54510001	New Legends	4039
Nezmix 	0x4D530023	ねずみくす	3948
NFL 2K2	0x53450006	NFL2K2	4039
NFL Blitz 2002	0x4D570001	NFL Blitz 20-02	4242
NFL Blitz 2003	0x4D57000A	NFL Blitz 20-03	4627
NFL Blitz Pro	0x4D570014	NFL Blitz Pro	5659
NFL Blitz: The League	0x4D570026	Blitz: The League	5849
NFL Fever 2002	0x4D530006	NFLFever	3925
NFL Fever 2003	0x4D530028	NFL Fever 2003	4721
NFL Fever 2004	0x4D53004D	NFL Fever 2004	5558
NFL Head Coach	0x4541008E	NFL Head Coach	5849
NFL Street	0x45410048	NFL STREET	5659
NFL Street 2	0x45410057	NFL STREET 2	5849
NHL 06	0x4541007C	NHL06	5849
NHL 07	0x454100A5	NHL 07	5849
NHL 2002	0x45410005	NHL 2002	3948
NHL 2003	0x4541001E	NHL 2003	4721
NHL 2004	0x45410030	NHL 2004	5558
NHL 2005	0x4541004F	NHL 2005	5849
NHL 2K3	0x53450017	NHL2K3	4831
NHL 2K6	0x5454008D	NHL 2K6	5849
NHL 2K7	0x545400AD	NHL 2K7	5849
NHL Hitz 2002 (NTSC)	0x4D570003	NHL Hitz 2002	3925
NHL Hitz 2002 (PAL)	0x4D570003	NHL Hitz 2002	4134
NHL Hitz 2003	0x4D57000B	NHL Hitz 2003	4531
NHL Hitz Pro	0x4D57001A	NHL Hitz Pro	5558
NHL Rivals 2004	0x4D53004E	NHL Rivals 2004	5558
Nickelodeon Party Blast	0x49470028	Nickelodeon Party Blast	4721
Nightcaster	0x4D530008	Nightcaster	4039
Nightcaster II: Equinox	0x4A410002	NightCaster2	4928
Ninja Gaiden	0x54430003	NINJA GAIDEN	5659
Ninja Gaiden BLACK	0x5443000D	NINJA GAIDEN Black	5849
Nobunaga Mahjong	0x45460001	SincyouMj	5233
Nobunaga no Yabou Ranseiki	0x4B4F0001	Nobu9Xbox	4039
Obscure	0x4D490009	Obscure	5849
Oddworld: Munch's Oddysee	0x4D530001	Oddworld: Munch's Oddysee	3925
Oddworld: Stranger's Wrath	0x4541006D	Stranger's Wrath	5849
Open Season	0x55530061	Open Season	5849
Operation Flashpoint: Elite	0x434D005A	Operation Flashpoint: Elite	5849
Otogi	0x46530002	OTOGI	5120
Otogi 2: Immortal Warriors	0x46530004	OTOGI2	5849
OTOGI -Hyakki Toubatsu Emaki-	0x46530004	OTOGI -Hyakki Toubatsu Emaki-	5659
Otogi: Myth of Demons	0x46530002	OTOGI	5455
Outlaw Golf	0x56550010	OUTLAW GOLF	4134
Outlaw Golf 2	0x54540017	Outlaw Golf 2	5849
Outlaw Tennis	0x54540076	Outlaw Tennis	5849
Outlaw Volleyball	0x53530003	Outlaw Volleyball	5455
Outlaw Volleyball: Red Hot	0x53538003	Outlaw Volleyball	5455
OutRun 2006: Coast to Coast	0x53450088	Coast 2 Coast	5849
OutRun2 (NTSC)	0x53450036	OutRun2	5849
OutRun2 (NTSC-J)	0x53450036	OutRun2	5849
Over The Hedge	0x41560058	OutRun2	5849
Pac-Man World 2	0x4E4D0006	Pac-Man World 2	4432
Pac-Man World 3	0x4E4D0017	Pac-Man World™ 3	5849
Painkiller: Hell Wars	0x44430003	Painkiller	5849
Panzer Dragoon Orta	0x53450007	Panzer Dragoon ORTA	4928
Panzer Elite Action	0x4A570009	Panzer Elite Action	5849
Pariah	0x47560001	Pariah	5849
Peter Jackson's King Kong	0x5553004C	Peter Jackson's King Kong official Game 	5849
Petit Copter	0x41510001	PetitCopter	4361
Phantasy Star Online Episode I & II	0x4D53004A	PSO	4831
Phantom Crash	0x504C0001	phantomcrash	4721
Phantom Dust	0x4D530046	PhantomDust	5849
Pilot Down: Behind Enemy Lines	0x4F580002	Pilot Down	5849
Pinball Hall of Fame	0x4356000A	Pinball Hall of Fame	5849
Pirates of the Caribbean	0x42530004	Pirates of the Caribbean	5455
Pirates: Legend of Black Kat	0x45410015	Pirates: The Legend of Black Kat	4134
Pitfall: The Lost Expedition	0x41560018	Pitfall: The Lost Expedition	5659
Playboy: The Mansion	0x41480002	Playboy the Mansion	5849
Plus Plumb 2	0x544B0004	Plus Plumb 2	5659
PocketBike Racer	0x4D5300D4	Pocketbike Racer	5849
Pool Shark 2	0x5A440001	PoolShark2	5849
Powerdrome	0x4253000B	Powerdrome	5659
Predator: Concrete Jungle	0x56550030	Predator	5849
Prince of Persia: Sands of Time	0x5553001D	Prince of Persia: The Sands of Time	5558
Prince of Persia: The Two Thrones	0x55530058	Prince of Persia: T2T	5849
Prince of Persia: Warrior Within	0x5553003B	Prince of Persia WW	5849
Prisoner of War	0x434D0008	Prisoner Of War	4432
Pro Beach Soccer (Ultimate Beach Soccer (PAL))	0x57450001	Pro Beach Soccer	5455
Pro Cast Sports Fishing	0x4343000B	PROCAST	5455
Pro Evolution Soccer 5	0x4B4E0030	ProEvolutionSoccer5	5849
Pro Fishing Challenge	0x41540003	ProFishingChallenge	5849
Pro Race Driver	0x434D0002	Race Driver	5233
Project Gotham - World Street Racer	0x4D530003	Project Gotham Racing	3948
Project Gotham Racing 2	0x4D53004B	Project Gotham Racing 2	5659
Project ZERO			4928
Project: Snowblind	0x45530019	Project: Snowblind	5849
ProStroke Golf: World Tour 2007	0x4F580004	ProStroke Golf	5849
Psi-Ops: The Mindgate Conspiracy	0x4D570016	PsiOps	5849
Psychonauts	0x4D4A0012	Psychonauts	5849
Psyvariar 2 Extended Edition	0x53550009	PSYVARIAR2 EXTEND EDITION	5849
Pulse Racer	0x4A410001	Pulse Racer	4928
Pump It Up: Exceed SE	0x41440002	PUMP IT UP: EXCEED	5849
Pure Pinball	0x54540011	Pure Pinbal	5849
Puyo Pop Fever	0x53450027	Puyo Pop Fever	5849
Quantum Redshift	0x4D530015	Quantum Redshift	4721
R: Racing Evolution	0x4E4D0008	R:RACING EVOLUTION	5558
RalliSport Challenge	0x4D53000F	RalliSport Challenge	4134
RalliSport Challenge 2	0x4D530039	RalliSport Challenge 2	5849
Rally Fusion:Race of Champions	0x41560009	Rally Fusion : Race Of Champions	4928
Rapala Pro Fishing	0x4156003A	Rapala Pro Fishing	5849
Ratatouille	0x54510109	Ratatouille	5849
Rayman 3 Hoodlum Havoc	0x55530002	Rayman 3	5233
Rayman Arena	0x55530003	Rayman Arena	4627
Raze’s Hell	0x4D4A0011	Raze's Hel	5849
Real World Golf	0x49410001	Real World Golf	5849
Red Card 2003	0x4D57000F	RedCard	4432
Red Dead Revolver	0x5454001A	Red Dead Revolver	5849
Red Faction II	0x54510005	Red Faction® II	5233
Red Ninja: End of Honor	0x56550027	End of Honor	5849
Reign of Fire	0x424D0002	Reign Of Fire	4928
Rent A Hero No. 1			5233
Reservoir Dogs	0x534300FF	Reservoir Dogs	5849
Return to Castle Wolfenstein: Tides of War	0x41560010	Wolfenstein	5344
Richard Burns Rally	0x53430005	Richard Burns Rally	5849
Ricky Ponting International Cricket 2005	0x434D0057	RPIC 2005	5849
RoadKill	0x4D570018	RoadKill	5849
Robin Hood: Defender of the Crown	0x4343000C	Robin Hood:DotC	5558
Robocop	0x54530005	Robocop	5120
Robotech: Battlecry	0x544D0002	Robotech: Battlecry	4721
Robotech: Invasion	0x5454001B	Robotech Invasion	5849
Robots	0x56550037	Robots	5849
Rocky	0x55530014	Rocky	4721
Rocky Legends	0x55530034	Rocky Legends	5849
Rogue Ops	0x4B420004	Rogue Ops	5558
Rogue Trooper	0x5343000E	Rogue Trooper	5849
RollerCoaster Tycoon	0x4947002E	Rollercoaster Tycoon	5233
Rolling	0x53430007	Rolling	5558
Room Zoom - Race for Impact	0x4A410006	Room Zoom - Race for Impact	5849
Rugby 06	0x45410087	EA SPORTS™ RUGBY 06	5849
Rugby 2005	0x45410061	EA SPORTS™ RUGBY 2005	5849
Rugby Challenge 2006	0x48500005	Rugby Challenge '06	5849
Rugby League	0x48450001	Rugby League	5558
Rugby League 2	0x48450005	Rugby League 2	5849
Run Like Hell	0x49500006	Run Like Hell	5233
Samurai Shodown V	0x534E0004	Samurai ShoDown V	5849
Samurai Warriors	0x4B4F0006	SamuraiWarriors	5849
Scaler	0x5454007A	Scaler	5849
SCAR - Squadra Corse Alfa Romeo	0x4C530002	SCAR	5849
Scarface: The World is Yours	0x5655003F	Scarface	5849
Scooby-Doo! Mystery Mayhem	0x5451000E	Scooby-Doo!™ Mystery Mayhem	5344
Scooby-Doo! Night of a 100 Frights	0x5451001F	Scooby-Doo!: Night of 100 Frights	5558
Scooby-Doo! Unmasked	0x545100F7	Scooby-Doo!™ Unmasked	5849
Scrapland	0x454C0001	Scrapland	5849
Sea World: Shamu's Deep Sea Adventures	0x41560050	Shamu's Deep Sea Adventures	5849
SeaBlade	0x56550017	Seablade	4831
Second Sight	0x434D0047	Second Sight	5849
Secret Weapons Over Normandy	0x4C410006	Secret Weapons Over Normandy	5659
Sega GT 2002	0x53450003	segaGT 2002	4627
Sega GT Online	0x53450021	segaGTOnline	5659
Sega Soccer Slam	0x53450014	Sega Soccer Slam	4432
Sengoku Musou	0x4B4F0005	戦国無双	5849
Sensible Soccer 2006	0x434D005B	Sensible Soccer	5849
Sentou Yousei Yukikaze	0x41510003	Yukikaze	5233
Serious Sam	0x54540004	Serious Sam	4928
Serious Sam II	0x5454000D	Serious Sam 2	5849
Shadow of Memories	0x4B4E000E	Shadow Of Memories	4627
Shadow Ops: Red Mercury	0x49470025	SO:RM	5788
Shadow The Hedgehog	0x53450086	Shadow The Hedgehog	5849
Shark Tale	0x41560038	Shark Tale	5849
Shattered Union	0x54540083	Shattered Union	5849
ShellShock: Nam '67	0x45530013	Shellshock NAM'67	5849
Shenmue 2	0x4D530032	Shenmue II	4721
Shikigami no Shiro	0x4D500002	式神の城	3948
Shikigami no Shiro Evolution	0x4B490001	ShikigaminoShiroEvolution	5028
Shikigami no Shiro II	0x4B490002	ShikigaminoShiro2	5849
Shin Megami Tensei Nine	0x41540002	DDS9	4928
Shin Sangoku Musou 4	0x4B4F0007	真・三國無双４	5849
Showdown: Legends of Wrestling	0x4143001D	SHOWDOWN: LEGENDS OF WRESTLING	5849
Shrek	0x544D0001	Shrek	3925
Shrek 2	0x41560037	Shrek 2	5788
Shrek SuperSlam	0x41560038	Shark Tale	5849
Shrek: Super Party	0x544D0004	Shrek Super Party	4831
Sid Meier's Pirates!	0x5454008F	Sid Meier's Pirates! ™	5849
Silent Hill 2 - Inner Fears (PAL)	0x4B4E0004	SILENT HILL 2	4531
Silent Hill 2: Restless Dreams	0x4B4E0004	SILENT HILL 2	3925
Silent Hill 4: The Room	0x4B4E001F	Silent Hill 4	5849
Silent Scope Complete	0x4B4E001A	Silent Scope Complete	5558
Ski Racing 2006	0x4A57000A	Ski Racing 2006	5849
Slam tennis	0x49470011	Slam Tennis	4242
Smashing Drive	0x4E4D0001	Smashing Drive	4242
Sneak King	0x4D5300D3	Sneak King	5849
Sneakers	0x4D530023	Sneakers	4531
Sniper Elite	0x4D49000D	Sniper Elite	5849
SNK vs. Capcom; SVC Chaos	0x534E0001	SNK VS. CAPCOM SVC CHAOS	5849
Soldier of Fortune II: Double Helix	0x4156001B	Soldier of Fortune II	5344
Sonic Heroes	0x5345002B	SONICHEROES	5659
Sonic Mega Collection Plus	0x5345003C	SONIC MEGACOLLECTION PLUS	5849
Sonic Riders	0x53450087	SONIC RIDERS	5849
Soul Calibur II (J)	0x4E4D0003	SOULCALIBUR2	5344
Soul Calibur II (NTSC)	0x4E4D0003	SOULCALIBUR2	5455
Spartan: Total Warrior	0x5345008B	Total Warrior	5849
Spawn: Armageddon	0x4E4D000C	Spawn: Armageddon	5455
Spawn: Armageddon (PAL)	0x4E4D000C	Spawn®: Armageddon	5659
Special Forces: Nemesis Strike			5849
Speed Kings	0x4143000B	Speed Kings	5344
Sphinx and the Cursed Mummy	0x54510023	Sphinx	5558
Spider-Man	0x4343000A	Spider-Man	4928
Spider-Man 2	0x4156002B	Spider-Man 2	5849
Spider-Man: The Movie Game	0x41560006	Spider-Man	4134
Spikeout: Battle Street	0x53450029	SPIKEOUT Battle Street	5849
Splashdown	0x4947001B	Splashdown	4531
Splat Renegade Paintball	0x54540093	Renegade Paintball	5849
SpongeBob SquarePants: Battle for Bikini Bottom	0x5451001A	SpongeBob SquarePants	5558
SpongeBob SquarePants: Lights, Camera, PANTS!	0x545100FA	Bob L'éponge : Silence on tourne!	5849
SpongeBob Squarepants: The Movie	0x54510027	The SpongeBob SquarePants Movie	5849
Spy Hunter	0x4D570004	Spy Hunter	4134
Spy Vs. Spy	0x54540084	Spy vs. Spy	5849
SpyHunter 2	0x4D57001B	SpyHunter 2	5659
SpyHunter: Nowhere to Run	0x4D570037	Spy Hunter: NTR	5849
Spyro: A Hero’s Tail	0x56550034	Spyro A Hero's Tail	5849
SSX 3	0x4541003C	SSX 3	5558
SSX On Tour	0x45410082	SSX™ On Tour	5849
SSX Tricky	0x45410004	SSX Tricky	3925
STACKED with Daniel Negreanu	0x4D4D0001	STACKED	5849
Stake: Fortune Fighters	0x4D440004	N/A	5344
Star Trek: Shattered Universe	0x544D0010	Star Trek: Shattered Universe	5558
Star Wars Battlefront II	0x4C41001A	Star Wars Battlefront 2	5849
Star Wars Jedi Academy 	0x4C41000B	Jedi Knight: Jedi Academy	5558
Star Wars Jedi Knight II	0x4C410009	Jedi Knight II	4721
Star Wars Jedi Starfighter	0x4C410005	Star Wars Jedi Starfighter	4361
Star Wars Starfighter: SE	0x4C410002	Starfighter SE	3948
Star Wars: Battlefront	0x4C410011	BattleFront	5849
Star Wars: Episode III Revenge of the Sith	0x4C410017	Star Wars: Episode III	5849
Star Wars: Knights of the Old Republic	0x4C410003	Star Wars: KotOR	5455
Star Wars: Knights of the Old Republic II	0x4C410014	KotOR II	5849
Star Wars: Obi-Wan	0x4C410001	Star Wars Obi-Wan	3948
Star Wars: Republic Commando	0x4C410013	Star Wars Republic Commando	5849
Star Wars: The Clone Wars	0x4C410004	SW: The Clone Wars	5233
Starsky & Hutch	0x454D0005	Starsky & Hutch	5344
State of Emergency	0x54540006	State of Emergency	5120
Steel Battalion	0x43430002	STEEL BATTALION	4627
Steel Battalion: Line of Contact	0x43430009	STEEL BATTALION : Line of Contact	5788
Stepmania X			5558
Still Life	0x4D49000B	StillLife	5849
Stolen	0x48500001	Stolen	5849
Street Fighter Anniversary Collection	0x4343000F	Street Fighter Anniversary Collection	5849
Street Hoops	0x41560003	Street Hoops	4721
Street Racing Syndicate	0x4E4D0013	Street Racing Syndicate	5849
Strike Force Bowling	0x43560008	Strike Force Bowling	5849
Stubbs the Zombie in Rebel without a Pulse	0x41590002	Stubbs the Zombie	5849
Sudeki	0x4D53000A	Sudeki	5849
Super Bubble Pop (PAL)	0x4A410004	Super Bubble Pop	5120
Super Monkey Ball Deluxe	0x53450038	SuperMonkeyBallDX	5849
Superman Returns	0x454100A0	Superman Returns: The Videogame	5849
Superman: The Man of Steel	0x49470016	Superman: The Man of Steel	4831
SWAT: Global Strike Team	0x56560025	SWAT:GST	5558
SX Superstar	0x41430010	SX Superstar	5233
Syberia	0x4D490006	Syberia	5344
Syberia II	0x4D490008	Syberia 2	5659
Taito Legends	0x454D001C	Taito Legends	5849
Taito Legends 2	0x454D0022	Taito Legends 2	5849
Tak 2: The Staff of Dreams	0x5451008B	Tak 2  The Staff Of Dreams	5849
Tak: The Great Juju Challenge	0x545100F4	Tak: The Great Juju Challenge	5849
Takahashi Junko no Mah-jong Seminar			4361
Tao Feng: Fist of the Lotus	0x4D530014	Tao Feng	5233
Taz: Wanted	0x4947000D	Taz: Wanted	4432
TD Overdrive	0x49470007	TD Overdrive	4361
Tecmo Classic Arcade	0x5443000E	TECMO CLASSIC ARCADE	5849
Teen Titans	0x4D4A0013	Teen Titans	5849
Teenage Mutant Ninja Turtles	0x4B4E001B	TMNT	5558
Teenage Mutant Ninja Turtles 2: Battlenexus	0x4B4E0023	TMNT(TM)2	5849
Teenage Mutant Ninja Turtles 3: Mutant Nightmare	0x4B4E002A	TMNT(R)3	5849
Teenage Mutant Ninja Turtles; Mutant Melee	0x4B4E0020	MNT(TM) Mutant Melee(TM)	5849
Tenchu 3 - Kaiki no Shou	0x46530005	天誅 参　～回帰ノ章～	5849
Tenchu: Return From Darkness	0x41560026	Tenchu: Return From Darkness	5849
Tenerezza	0x41500001	Tenerezza	5028
Tenku - Freestyle Snowboarding	0x4D53002F	Tenku	3948
Tennis Masters Series 2003	0x4D490003	TMS 2003	4531
Terminator 3: Rise of the Machines	0x4947003B	Terminator 3 - ROTM	5558
Terminator 3: The Redemption	0x4947003E	Terminator 3: The Redemption	5849
Terminator: Dawn of Fate	0x49470026	The Terminator: Dawn of Fate	4721
Test Drive	0x49470007	Test Drive	4361
Test Drive: Eve of Destruction	0x49470075	Test Drive: EOD	5849
Test Drive: Off Road	0x49470001	Test Drive Off-Road: Wide Open	3925
Tetris Worlds	0x5451000A	Tetris Worlds	4361
Tetris Worlds (J)	0x53550006	Tetris Worlds	4831
Tetris Worlds Online	0x5451001C	Tetris Worlds Live	5233
The Bard's Tale	0x49580001	The Bard's Tale	5849
The Bible Game	0x43560011	The Bible Game	5849
The Chronicles of Narnia: The Lion, The Witch and The Wardrobe	0x42560003	The Chronicles of Narnia: The Lion, the 	5849
The Chronicles of Riddick: Escape from Butcher Bay	0x56550026	Riddick	5849
The Da Vinci Code	0x545400AB	The Da Vinci Code	5849
The Dukes of Hazzard: Return of the General Lee	0x5553003A	Dukes of Hazzard	5849
The Godfather	0x4541007D	The Godfather™	5849
The Great Escape	0x53430003	The Great Escape	5344
The Guy Game	0x5454007B	The Guy Game	5849
The Haunted Mansion	0x544D000D	Haunted Mansion	5455
The Hobbit	0x56550023	The Hobbit	5558
The Hulk	0x56550011	The Hulk	5344
The Hustle: Detroit Streets	0x4156005B	The Hustle	5849
The Incredible Hulk: Ultimate Destruction	0x56550039	The Incredible Hulk:Ultimate Destruction	5849
The Incredibles	0x54510028	N/A	5849
The Incredibles: Rise of the Underminer	0x545100F6	The Incredibles: Rise of the Underminer	5849
The Italian Job	0x4553000E	The Italian Job	5344
The King of Fighters Neowave	0x534E000A	THE KING OF FIGHTERS NEOWAVE	5849
The Legend of Spyro: A New Beginning	0x5655004A	TLoS: A New Beginning	5849
The Lord of the Rings - The Two Towers (PAL)	0x45410010	The Two Towers(tm)	5120
The Matrix: Path of Neo	0x4947007C	The Matrix: PON	5849
The Punisher	0x54510018	The Punisher	5849
The Red Star			5849
The Simpsons Hit & Run (NTSC)	0x56550015	The Simpsons Hit & Run	5455
The Simpsons Hit & Run (PAL)	0x56550015	The Simpsons Hit & Run - PAL Release	5558
The Simpsons Road Rage (NTSC)	0x45410013	The Simpsons Road Rage	4034
The Simpsons Road Rage (PAL)	0x45410013	The Simpsons Road Rage	4039
The Sims	0x4541002F	The Sims™	5233
The Sims 2	0x4541038B	The Sims 2	5849
The Sims: Bustin' Out	0x45410043	N/A	5558
The Suffering	0x4D570015	The Suffering	5788
The Suffering: Ties That Bind	0x4D57002C	The Suffering: Ties That Bind	5849
The Thing	0x5655000D	The Thing	4627
The URBZ: Sims in the City	0x45410060	The Urbz - Sims in the City	5849
The Warriors	0x5454009B	The Warriors	5849
The Wild Rings	0x4D530048	THE WILD RINGS	4928
Thief: Deadly Shadows	0x45530004	Deadly Shadows	5849
ThousandLand	0x46530003	ThousandLand	5233
Thrillville	0x4C410022	Thrillville	5849
Tiger Woods PGA Tour 06	0x4541007E	Tiger Woods PGA TOUR® 06	5849
Tiger Woods PGA TOUR 07	0x454100A4	Tiger Woods PGA TOUR® 07	5849
Tiger Woods PGA Tour 2003	0x45410021	Tiger Woods PGA TOUR 2003	4721
Tiger Woods PGA Tour 2004	0x4541003A	Tiger Woods PGA TOUR 2004	5558
Tiger Woods PGA Tour 2005	0x45410054	Tiger Woods PGA TOUR® 2005	5849
Tim Burton’s The Nightmare Before Christmas: Oogie’s Revenge	0x42560004	Tim Burton's The Nightmare Before Christ	5849
TimeSplitters 2	0x4553000A	TimeSplitters 2	4721
TimeSplitters Future Perfect	0x45410066	TimeSplitters FP	5849
ToCA Race Driver 2: The Ultimate Racing Simulator	0x434D0011	Race Driver 2	5849
ToCA Race Driver 3	0x434D0050	Race Driver 3	5849
ToeJam & Earl III	0x5345000F	ToeJam & Earl III	4928
Tom and Jerry: War of the Whiskers	0x4E4B0001	Tom and Jerry	5558
Tom Clancy's Ghost Recon	0x55530006	Ghost Recon	4928
Tom Clancy's Ghost Recon 2	0x55530005	Ghost Recon 2	5849
Tom Clancy's Ghost Recon 2: Summit Strike	0x5553004D	Summit Strike	5849
Tom Clancy's Ghost Recon Advanced Warfighter	0x55530054	Ghost Recon: Advanced Warfighter	5849
Tom Clancy's Ghost Recon: Island Thunder	0x55530007	GR Island Thunder	5455
Tom Clancy's Rainbow Six : Critical Hour	0x5553005F	Critical Hour	5849
Tom Clancy's Rainbow Six 3	0x55530013	RainbowSix 3	5659
Tom Clancy's Rainbow Six 3: Black Arrow	0x55530037	Rainbow Six 3: Black Arrow	5849
Tom Clancy's Rainbow Six: Lockdown	0x55530048	RainbowSix Lockdown	5849
Tom Clancy's Splinter Cell	0x5553000C	Splinter Cell	4928
Tom Clancy's Splinter Cell Chaos Theory	0x55530041	Splinter Cell-CT vs	5849
Tom Clancy's Splinter Cell Double Agent	0x5553005E	Splinter Cell-DA	5849
Tom Clancy's Splinter Cell Pandora Tomorrow	0x55530019	Splinter Cell 2	5788
Tomb Raider: Legend	0x534300FD	Tomb Raider: Legend	5849
Tony Hawk’s American Wasteland	0x41560049	American Wasteland	5849
Tony Hawk's Pro Skater 2 X	0x41560001	Tony Hawk's Pro Skater 2X	3947
Tony Hawk's Pro Skater 3	0x41560004	Tony Hawk's Pro Skater 3	4039
Tony Hawk's Pro Skater 4	0x41560017	Tony Hawk's Pro Skater 4	4928
Tony Hawk's Underground	0x4156002D	Tony Hawk's Underground	5659
Tony Hawk's Underground 2	0x4156003C	THUG 2	5849
Top Gear: RPM Tuning (RPM Tuning)	0x4B420007	RPM Tuning	5849
Top Spin	0x4D530035	TopSpin	5558
Torino 2006	0x545400A9	Torino 2006	5849
Tork: Prehistoric Punk	0x55530040	Tork	5849
Total Club Manager 2004	0x45410041	TCM 2004	5455
Total Club Manager 2005	0x45410065	TCM 2005	5849
Total Immersion Racing	0x454D0003	Total Immersion Racing	4831
Total Overdose	0x53430010	Total Overdose	5849
Totaled!	0x4D4A0002	Totaled	4361
Touge R	0x41540001	TougeR	4831
Toxic Grind	0x54510007	Toxic Grind	4721
TransWorld Snowboarding	0x49470004	TransWorld Snowboarding	4831
TransWorld Surf	0x49470005	TransWorld Surf	3925
Triangle Again	0x4B4B0001	Triangle Again	4432
Triangle Again 2			4831
Trigger Man	0x43560009	Trigger Man	5849
Triple Play 2002	0x45410009	Triple Play 2002	3948
Trivial Pursuit: Unhinged	0x4947003D	Trivial Pursuit: Unhinged	5849
Tron 2.0: Killer App	0x42560001	Killer App	5849
True Crime: New York City	0x41560045	True Crime: New York City	5849
True Crime: Streets of L.A.	0x4156000E	True Crime: Streets of LA	5659
Turok: Evolution	0x41430004	Turok Evolution	4627
Ty the Tasmanian Tiger	0x45410029	TY the Tasmanian Tiger	4831
TY the Tasmanian Tiger 2: Bush Rescue	0x45410063	TY2	5849
Ty the Tasmanian Tiger 3: Night of the Quinkan	0x41560055	TY the Tasmanian Tiger™ 3	5849
UEFA Champions League 2004 – 2005	0x45410070	UEFA CL 2004/05	5849
UEFA Euro 2004	0x4541004A	UEFA EURO 2004	5849
UFC: Tapout	0x43560002	UFC Tapout	4039
UFC: Tapout 2	0x544D000A	UFC TAPOUT2	5120
Ultimate Beach Soccer	0x57450001	Ultimate Beach Soccer	5455
Ultimate Pro Pinball	0x454D001D	Ultimate Pro Pinbal	5849
Ultimate Spider-Man	0x41560035	Ultimate Spider-Man	5849
Ultra Bust-A-Move	0x4D4A000C	Ultra Bust A Move	5849
Umesawa Yukari no Igo Seminar	0x53550003	梅沢由香里の囲碁ｾﾐﾅｰ	4361
Unreal Championship	0x49470024	Unreal Championship	4928
Unreal Championship 2: The Liandri Conflict	0x4D570021	Unreal Championship 2	5849
Unreal II: The Awakening	0x4947003C	Unreal II	5659
Urban Chaos: Riot Response	0x534300F7	Urban Chaos	5849
Urban Freestyle Soccer	0x4143000C	Urban Freestyle Soccer	5558
Van Helsing	0x56550029	Van Helsing	5788
Vexx	0x41430005	Vexx	5120
Vietcong: Purple Haze	0x5454000A	Vietcong: Purple Haze	5849
Virtual Pool: Tournament Edition	0x54540016	Virtual Pool Tournament Edition	5849
Voodoo Vince	0x4D53005F	Voodoo Vince	5558
V-Rally 3	0x49470034	V-Rally 3	5028
Wakeboarding Unleashed	0x4156000D	Wakeboarding Unleashed	5233
Wallace & Gromit in Project Zoo	0x424D0003	Project Zoo	5455
Wallace & Gromit: The Curse of the Were-Rabbit	0x4B4E0034	Wallace & Gromit COTW	5849
WarPath	0x4756000A	Warpath	5849
Whacked!	0x4D530027	Whacked	4831
Whiplash	0x45530011	Whiplash	5659
Whiteout	0x4B4E0001	WHITEOUT	4928
Winback 2: Project Poseidon	0x4B4F0008	WINBACK2	5849
Wings of War	0x54540018	Wings of War	5849
Winning Eleven 8	0x4B4E0027	Winning Eleven 8 International	5849
Without Warning	0x43430014	Without Warning	5849
World Championship Poker	0x4356000D	World Championship Poker	5849
World Championship Poker 2	0x43560010	WCP2	5849
World Championship Pool 2004	0x4A410007	World Championship Pool 2004	5659
World Championship Snooker 2003	0x434D000D	WCS2003	5455
World Championskip Rugby	0x4143001F	World Championship Rugby	5849
World Championskip Snooker 2004	0x434D002A	World Championship Snooker 2004	5849
World Poker Tour	0x54540087	World Poker Tour	5849
World Racing 2	0x544D0012	World Racing 2	5849
World Series Baseball 2002	0x5345000E	WSB	4134
World Series Baseball 2K3	0x5345001A	WSB 2K3	5233
World Series of Poker	0x41560054	World Series of Poker	5849
World Snooker Championship 2005	0x53450081	World Snooker Championship 2005	5849
World Soccer Winning Eleven 9 International	0x4B4E002F	World Soccer Winning Eleven 9	5849
World War II Combat: Iwo Jima	0x4756000B	WWII Combat: Iwo Jima	5849
Worms 3D: Special Edition	0x5345002A	Worms 3D Special Edition	5849
Worms 4: Mayhem	0x4D4A0017	Worms 4 Mayhem	5849
Worms: Forts Under Siege	0x53450035	Worms Forts Under Siege	5849
Wrath Unleashed	0x4C41000F	Wrath Unleashed	5558
Wreckless: The Yakuza Missions	0x4156000A	WRECKLESS	4134
WTA Tour Tennis	0x4B4E0010	WTA Tour Tennis	4721
WWE Raw 2: Ruthless Agression	0x5451000D	WWE RAW2	5233
WWE WrestleMania 21	0x54510024	WWE Wrestlemania XXI	5849
WWF: Raw (NTSC)	0x54510002	RAW	4134
WWF: Raw (PAL)	0x54510002	RAW	4361
Xbox Live Arcade	0x4D5300C8	Xbox Live Arcade	5849
Xbox Music Mixer	0x4D53005A	Xbox Music Mixer	5558
XGRA - Extreme G Racing Association	0x41430014	XGRA	5558
Xiaolin Showdown	0x4B4E0038	Xiaolin Showdown	5849
XIII	0x55530009	XIII	5558
X-Men 2 - Wolverine's Revenge	0x41560008	X2 Wolverine's Revenge	5233
X-Men Legends II: Rise of Apocalypse	0x41560047	X-Men Legends 2: Rise of Apocalypse	5849
X-Men: Next Dimension	0x41560007	X-Men: Next Dimension	4928
X-Men: The Official Game	0x41560046	XmenFINAL	5849
Xyanide	0x50430001	Xyanide	5849
Yager	0x54510006	Yager	5344
Yetisports Arctic Adventures	0x4A570004	Yetisports Arctic Adventures	5849
Yourself!Fitness	0x52440001	Yourself!Fitness	5849
Yu-Gi-Oh! The Dawn of Destiny (NTSC)	0x4B4E001E	Yu-Gi-Oh! The Dawn of Destiny	5558
Yu-Gi-Oh! The Dawn of Destiny (PAL)	0x4B4E001E	N/A	5849
Zapper	0x49470012	Zapper	4831
Zathura	0x5454008C	Zathura	5849
